Дата заявки →,2026-08-17,,,,,,,,
,,,,,,,,,
ПОСТАВЩИК_1 (переименуй),,,ПОСТАВЩИК_2 (переименуй),,,ПОСТАВЩИК_3 (переименуй),,
Название + код (как в программе),Кол-во к заказу,Ориентир: последний привоз,Название + код (как в программе),Кол-во к заказу,Ориентир: последний привоз,Название + код (как в программе),Кол-во к заказу,Ориентир: последний привоз
,,,,,,,,,
,,,,,,,,,
,,,,,,,,,
,,,,,,,,,
,,,,,,,,,
,,,,,,,,,
,,,,,,,,,
,,,,,,,,,
,,,,,,,,,
,,,,,,,,,
,,,,,,,,,
,,,,,,,,,
,,,,,,,,,
,,,,,,,,,
,,,,,,,,,
Как пользоваться,,,,,,,,
1. Переименуй ПОСТАВЩИК_1/2/3 в реальные имена.,,,,,,,,
2. Когда товар заканчивается — добавь строку в колонку нужного поставщика.,,,,,,,,
3. Кол-во бери из последнего привоза: Инфо → Отчёты → Количественно-сумовой → галочка «Розница».,,,,,,,,
4. После отправки заявки можешь копировать лист или ставить дату новой заявки сверху.,,,,,,,,
