Тема,Текст
Nova 2.0 — прототип в таблице,"Не красиво, а помогает здесь и сейчас. Старая тёмная Nova — для портфолио. Это — рабочий контур."
Сегодня,Обязательные дела открытия/кассы/сверки
Касса,"Наличка начало/конец, приход, расход прочее, сверка с программой"
Грузчики,"Как тетрадь: заказ, сумма, подпись"
Склад_розница,Пересчёт и сверка остатков (код как в Инфо)
Заявки,3 колонки-поставщика: название+код + сколько заказать
Калькулятор Л-ок,Пока не в этом файле — считаешь как привыкла
Wiki / шпаргалки,Отдельный проход позже
Важно,Цифры салона в git не коммитить. Живая таблица — на Google Диске.
